
INSERT INTO machine 
(id, model, age)
VALUES 
(1,'model3',18),
(2,'model4',7),
(3,'model3',8),
(4,'model3',7),
(5,'model3',2),
(6,'model3',7),
(7,'model3',20),
(8,'model3',16),
(9,'model4',7),
(10,'model3',10);


INSERT INTO comp 
(comp)
VALUES 
('comp1'),
('comp2'),
('comp3'),
('comp4');


INSERT INTO telemetry 
(date,
machine_id,
volt ,
rotate ,
pressure ,
vibration)
VALUES
('2015-01-01 06:00:00',1,176.217853015625,418.504078221616,113.077935462083,45.0876857639276),
('2015-01-01 07:00:00',1,162.87922289706,402.747489565395,95.4605253823187,43.4139726834815),
('2015-01-01 08:00:00',1,170.989902405567,527.349825452291,75.2379048586662,34.1788471214451),
('2015-01-01 09:00:00',1,162.462833264092,346.149335043074,109.248561276504,41.1221440884256),
('2015-01-01 10:00:00',1,157.61002119306,435.376873016938,111.886648210168,25.9905109982024),
('2015-01-01 11:00:00',1,172.504839196295,430.323362106675,95.9270416939636,35.6550173268837),
('2015-01-01 12:00:00',1,156.556030606329,499.071623068962,111.755684290096,42.7539196974773),
('2015-01-01 13:00:00',1,172.522780814836,409.624717000438,101.00108276407,35.4820086610704),
('2015-01-01 14:00:00',1,175.324523915223,398.648780707752,110.624360548654,45.4822868466294),
('2015-01-01 15:00:00',1,169.218423246933,460.850669930244,104.848229967003,39.9017354356787);


INSERT INTO maint
(
date,
machine_id,
comp_id) 
VALUES
('2014-06-01 06:00:00',1,1),
('2014-07-16 06:00:00',1,4),
('2014-07-31 06:00:00',1,3),
('2014-12-13 06:00:00',1,1),
('2015-01-05 06:00:00',1,4),
('2015-01-05 06:00:00',1,1),
('2015-01-20 06:00:00',1,3),
('2015-01-20 06:00:00',1,1),
('2015-02-04 06:00:00',1,4),
('2015-02-04 06:00:00',1,3);

INSERT INTO failure
(date,
machine_id,
comp_id)
VALUES 
('2015-01-05 06:00:00',1,4),
('2015-03-06 06:00:00',1,1),
('2015-04-20 06:00:00',1,2),
('2015-06-19 06:00:00',1,4),
('2015-09-02 06:00:00',1,4),
('2015-10-17 06:00:00',1,2),
('2015-12-16 06:00:00',1,4),
('2015-03-19 06:00:00',2,1),
('2015-03-19 06:00:00',2,2),
('2015-04-18 06:00:00',2,2);


INSERT INTO error_table
(
date,
machine_id,
error_type
)
VALUES
('2015-01-03 07:00:00',1,'error1'),
('2015-01-03 20:00:00',1,'error3'),
('2015-01-04 06:00:00',1,'error5'),
('2015-01-10 15:00:00',1,'error4'),
('2015-01-22 10:00:00',1,'error4'),
('2015-01-25 15:00:00',1,'error4'),
('2015-01-27 04:00:00',1,'error1'),
('2015-03-03 22:00:00',1,'error2'),
('2015-03-05 06:00:00',1,'error1'),
('2015-03-20 18:00:00',1,'error1');